{
	"parent": "niknok:minecraft/getting_wood",
	"display":
	{
		"icon":
		{
			"item": "minecraft:crafting_table"
		},
		"title":
		{
			"translate": "Benchmarking"
		},
		"description":
		{
			"translate": "§7Craft a workbench with four blocks of Wooden Planks."
		},
		"frame": "task",
		"show_toast": true,
		"announce_to_chat": true,
		"hidden": false
	},
	"criteria":
	{
		"benchmarking":
		{
			"trigger": "minecraft:inventory_changed",
			"conditions":
			{
				"items":
				[{
					"items":
					[
						"minecraft:crafting_table"
					]
				}]
			}
		}
	},
	"requirements":
	[
		["benchmarking"]
	]
}