{
	"parent": "niknok:minecraft/time_to_minem",
	"display":
	{
		"icon":
		{
			"item": "minecraft:stone_pickaxe"
		},
		"title":
		{
			"translate": "Getting an Upgrade"
		},
		"description":
		{
			"translate": "§7Construct a better pickaxe."
		},
		"frame": "task",
		"show_toast": true,
		"announce_to_chat": true,
		"hidden": false
	},
	"criteria":
	{
		"gettinganupgrade":
		{
			"trigger": "minecraft:inventory_changed",
			"conditions":
			{
				"items":
				[{
					"items":
					[
						"minecraft:stone_pickaxe",
						"minecraft:iron_pickaxe",
						"minecraft:golden_pickaxe",
						"minecraft:diamond_pickaxe",
						"minecraft:netherite_pickaxe"
					]
				}]
			}
		}
	},
	"requirements":
	[
		["gettinganupgrade"]
	]
}