{
	"display":
	{
		"icon":
		{
			"item": "minecraft:grass_block"
		},
		"title":
		{
			"translate": "Nik's Original Achievements!"
		},
		"description":
		{
			"translate": "§7§oVer: 1.19 | 6/7/22\n§r§2§nhttps://www.niknokinater.net"
		},
		"frame": "goal",
		"show_toast": false,
		"announce_to_chat": false,
		"hidden": false,
		"background": "minecraft:textures/block/stone.png"
	},
	"criteria":
	{
		"root":
		{
			"trigger": "minecraft:location",
			"conditions":
			{
				"dimension":
				{
					"tag": "niknok:adv_root"
				}
			}
		}
	},
	"requirements":
	[
		["root"]
	],
	"rewards":
	{
		"function": "niknok:advancements/setup"
	}
}