{
	"parent": "niknok:minecraft/benchmarking",
	"display":
	{
		"icon":
		{
			"item": "minecraft:wooden_hoe"
		},
		"title":
		{
			"translate": "Time to Farm!"
		},
		"description":
		{
			"translate": "§7Use planks and sticks to make a Wooden Hoe."
		},
		"frame": "task",
		"show_toast": true,
		"announce_to_chat": true,
		"hidden": false
	},
	"criteria":
	{
		"hoe":
		{
			"trigger": "minecraft:inventory_changed",
			"conditions":
			{
				"items":
				[{
					"items":
					[
						"minecraft:wooden_hoe",
						"minecraft:stone_hoe",
						"minecraft:iron_hoe",
						"minecraft:golden_hoe",
						"minecraft:diamond_hoe",
						"minecraft:netherite_hoe"
					]
				}]
			}
		}
	},
	"requirements":
	[
		["hoe"]
	]
}