{
  "parent": "block/cube",
  "textures": {
    "particle": "block/end_portal_frame_empty",
    "top": "block/end_portal_frame_empty",
    "side": "block/end_portal_frame_side",
    "bottom": "block/end_portal_frame_bottom"
  },
  "elements": [
    {
      "from": [0, 0, 0],
      "to": [16, 13, 16],
      "faces": {
        "north": {
          "uv": [0, 3, 16, 16],
          "texture": "#side",
          "cullface": "north"
        },
        "east": {"uv": [0, 3, 16, 16], "texture": "#side", "cullface": "east"},
        "south": {
          "uv": [0, 3, 16, 16],
          "texture": "#side",
          "cullface": "south"
        },
        "west": {"uv": [0, 3, 16, 16], "texture": "#side", "cullface": "west"},
        "up": {"uv": [0, 0, 16, 16], "texture": "#top"},
        "down": {
          "uv": [0, 0, 16, 16],
          "texture": "#bottom",
          "cullface": "down"
        }
      }
    }
  ]
}