{
  "parent": "block/cube_all",
  "textures": {
    "top": "block/end_portal_frame_empty",
    "side": "block/end_portal_frame_side",
    "bottom": "block/end_portal_frame_bottom",
    "eye": "block/end_portal_frame_eye",
    "particle": "#side"
  },
  "elements": [
    {
      "from": [0, 0, 0],
      "to": [16, 13, 16],
      "faces": {
        "north": {
          "uv": [0, 3, 16, 16],
          "texture": "#side",
          "cullface": "north"
        },
        "east": {"uv": [0, 3, 16, 16], "texture": "#side", "cullface": "east"},
        "south": {
          "uv": [0, 3, 16, 16],
          "texture": "#side",
          "cullface": "south"
        },
        "west": {"uv": [0, 3, 16, 16], "texture": "#side", "cullface": "west"},
        "up": {"uv": [0, 0, 16, 16], "texture": "#top"},
        "down": {
          "uv": [0, 0, 16, 16],
          "texture": "#bottom",
          "cullface": "down"
        }
      }
    },
    {
      "from": [5, 13, 5],
      "to": [11, 16, 11],
      "faces": {
        "north": {"uv": [5, 2, 11, 5], "texture": "#eye"},
        "east": {"uv": [5, 2, 11, 5], "texture": "#eye"},
        "south": {"uv": [5, 2, 11, 5], "texture": "#eye"},
        "west": {"uv": [5, 2, 11, 5], "texture": "#eye"},
        "up": {"uv": [5, 5, 11, 11], "texture": "#eye", "cullface": "up"}
      }
    }
  ]
}