{
  "parent": "block/block",
  "textures": {
    "front": "block/grindstone_front",
    "side": "block/grindstone_side",
    "log": "block/oak_log",
    "planks": "block/oak_planks",
    "particle": "#front"
  },
  "elements": [
    {
      "from": [4, 4, 2],
      "to": [12, 16, 14],
      "rotation": {"angle": 0, "axis": "y", "origin": [8, 12, 10]},
      "faces": {
        "north": {"uv": [4, 0, 12, 12], "texture": "#front"},
        "east": {"uv": [2, 0, 14, 12], "texture": "#side"},
        "south": {"uv": [4, 0, 12, 12], "texture": "#front"},
        "west": {"uv": [2, 0, 14, 12], "texture": "#side"},
        "up": {"uv": [4, 0, 12, 12], "texture": "#front", "cullface": "up"},
        "down": {"uv": [4, 0, 12, 12], "texture": "#front"}
      }
    },
    {
      "from": [2, 0, 6],
      "to": [14, 11, 10],
      "rotation": {"angle": 0, "axis": "y", "origin": [11, 8, 14]},
      "faces": {
        "north": {"uv": [2.016, 5.016, 13.984, 15.984], "texture": "#log"},
        "east": {"uv": [6.016, 5.016, 9.984, 15.984], "texture": "#log"},
        "south": {"uv": [2.016, 5.016, 13.984, 15.984], "texture": "#log"},
        "west": {"uv": [6.016, 5.016, 9.984, 15.984], "texture": "#log"},
        "up": {"uv": [2.016, 6.016, 13.984, 9.984], "texture": "#log"},
        "down": {
          "uv": [2.016, 6.016, 13.984, 9.984],
          "texture": "#log",
          "cullface": "down"
        }
      }
    },
    {
      "from": [4, -0.05, 4],
      "to": [12, 4, 12],
      "rotation": {"angle": 0, "axis": "y", "origin": [17, 8, 14]},
      "faces": {
        "north": {"uv": [4.016, 12.016, 11.984, 15.984], "texture": "#side"},
        "east": {"uv": [4.016, 12.016, 11.984, 15.984], "texture": "#side"},
        "south": {"uv": [4.016, 12.016, 11.984, 15.984], "texture": "#side"},
        "west": {"uv": [4.016, 12.016, 11.984, 15.984], "texture": "#side"},
        "down": {
          "uv": [4.016, 8.016, 11.984, 15.984],
          "texture": "#planks",
          "cullface": "down"
        }
      }
    }
  ]
}