{
  "ambientocclusion": false,
  "textures": {"line": "block/redstone_dust_line", "particle": "#line"},
  "elements": [
    {
      "from": [0, 0, 0.25],
      "to": [16, 16, 0.25],
      "shade": false,
      "faces": {
        "north": {
          "uv": [0, 16, 16, 0],
          "rotation": 270,
          "texture": "#line",
          "tintindex": 0
        },
        "south": {
          "uv": [0, 0, 16, 16],
          "rotation": 270,
          "texture": "#line",
          "tintindex": 0
        }
      }
    }
  ]
}