{
  "parent": "block/block",
  "textures": {
    "top": "block/scaffolding_top",
    "side": "block/scaffolding_side",
    "particle": "#top"
  },
  "elements": [
    {
      "from": [0, 0, 0],
      "to": [16, 16, 16],
      "faces": {
        "north": {
          "uv": [0, 0, 16, 16],
          "texture": "#side",
          "cullface": "north"
        },
        "east": {"uv": [0, 0, 16, 16], "texture": "#side", "cullface": "east"},
        "south": {
          "uv": [0, 0, 16, 16],
          "texture": "#side",
          "cullface": "south"
        },
        "west": {"uv": [0, 0, 16, 16], "texture": "#side", "cullface": "west"},
        "up": {"uv": [0, 0, 16, 16], "texture": "#top", "cullface": "up"}
      }
    },
    {
      "name": "cube inverted",
      "from": [16, 16, 16],
      "to": [0, 0, 0],
      "faces": {
        "north": {
          "uv": [0, 16, 16, 0],
          "texture": "#side",
          "cullface": "south"
        },
        "east": {"uv": [0, 16, 16, 0], "texture": "#side", "cullface": "west"},
        "south": {
          "uv": [0, 16, 16, 0],
          "texture": "#side",
          "cullface": "north"
        },
        "west": {"uv": [0, 16, 16, 0], "texture": "#side", "cullface": "east"},
        "down": {"uv": [16, 0, 0, 16], "texture": "#top", "cullface": "up"}
      }
    }
  ]
}