{
  "parent": "block/block",
  "textures": {
    "top": "block/scaffolding_top",
    "side": "block/scaffolding_side_unstable",
    "bottom": "block/oak_planks",
    "particle": "#side"
  },
  "elements": [
    {
      "name": "top",
      "from": [0, 14, 0],
      "to": [16, 16, 16],
      "faces": {
        "up": {"uv": [0, 0, 16, 16], "texture": "#top", "cullface": "up"},
        "down": {"uv": [0, 0, 16, 16], "texture": "#top"}
      }
    },
    {
      "name": "bottom",
      "from": [0, 0, 0],
      "to": [16, 2, 16],
      "faces": {
        "up": {"uv": [0, 0, 16, 16], "texture": "#bottom"},
        "down": {
          "uv": [0, 0, 16, 16],
          "texture": "#bottom",
          "cullface": "down"
        }
      }
    },
    {
      "from": [0, 0, 0],
      "to": [16, 16, 16],
      "faces": {
        "north": {
          "uv": [0, 0, 16, 16],
          "texture": "#side",
          "cullface": "north"
        },
        "east": {"uv": [0, 0, 16, 16], "texture": "#side", "cullface": "east"},
        "south": {
          "uv": [0, 0, 16, 16],
          "texture": "#side",
          "cullface": "south"
        },
        "west": {"uv": [0, 0, 16, 16], "texture": "#side", "cullface": "west"}
      }
    },
    {
      "name": "cube inverted",
      "from": [16, 16, 16],
      "to": [0, 0, 0],
      "faces": {
        "north": {
          "uv": [0, 16, 16, 0],
          "texture": "#side",
          "cullface": "south"
        },
        "east": {"uv": [0, 16, 16, 0], "texture": "#side", "cullface": "west"},
        "south": {
          "uv": [0, 16, 16, 0],
          "texture": "#side",
          "cullface": "north"
        },
        "west": {"uv": [0, 16, 16, 0], "texture": "#side", "cullface": "east"}
      }
    }
  ]
}