{
  "parent": "block/block",
  "ambientocclusion": false,
  "textures": {
    "particle": "block/spore_blossom",
    "flower": "block/spore_blossom",
    "stem": "block/spore_blossom_stem"
  },
  "elements": [
    {
      "from": [0, 12, 0],
      "to": [16, 12, 16],
      "faces": {
        "north": {"uv": [0, 0, 16, 0], "texture": "#flower"},
        "east": {"uv": [0, 0, 16, 0], "texture": "#flower"},
        "south": {"uv": [0, 0, 16, 0], "texture": "#flower"},
        "west": {"uv": [0, 0, 16, 0], "texture": "#flower"},
        "up": {"uv": [0, 0, 16, 16], "texture": "#flower"},
        "down": {"uv": [0, 0, 16, 16], "texture": "#flower"}
      }
    },
    {
      "from": [0, 0, 0],
      "to": [0, 16, 16],
      "shade": false,
      "rotation": {
        "angle": 45,
        "axis": "y",
        "origin": [0, 0, 0],
        "rescale": true
      },
      "faces": {
        "east": {"uv": [0, 0, 16, 16], "texture": "#stem"},
        "west": {"uv": [0, 0, 16, 16], "texture": "#stem"}
      }
    },
    {
      "from": [-8, 0, 8],
      "to": [8, 16, 8],
      "shade": false,
      "rotation": {
        "angle": 45,
        "axis": "y",
        "origin": [0, 0, 0],
        "rescale": true
      },
      "faces": {
        "north": {"uv": [0, 0, 16, 16], "texture": "#stem"},
        "south": {"uv": [0, 0, 16, 16], "texture": "#stem"}
      }
    }
  ]
}