{
  "parent": "block/block",
  "textures": {
    "top": "block/stonecutter_top",
    "bottom": "block/furnace_top",
    "front": "block/stonecutter_front",
    "side": "block/stonecutter_side",
    "saw": "block/stonecutter_saw",
    "particle": "#top"
  },
  "elements": [
    {
      "from": [0, 0, 0],
      "to": [16, 9, 16],
      "faces": {
        "north": {
          "uv": [0, 7, 16, 16],
          "texture": "#front",
          "cullface": "north"
        },
        "east": {"uv": [0, 7, 16, 16], "texture": "#side", "cullface": "east"},
        "south": {
          "uv": [0, 7, 16, 16],
          "texture": "#side",
          "cullface": "south"
        },
        "west": {"uv": [0, 7, 16, 16], "texture": "#side", "cullface": "west"},
        "up": {"uv": [0, 0, 16, 16], "texture": "#top"},
        "down": {
          "uv": [0, 0, 16, 16],
          "texture": "#bottom",
          "cullface": "down"
        }
      }
    },
    {
      "from": [0, 9, 8],
      "to": [16, 16, 8],
      "rotation": {"angle": 0, "axis": "z", "origin": [8, 3.5, 16]},
      "faces": {
        "north": {"uv": [0, 9, 16, 16], "texture": "#saw"},
        "south": {"uv": [0, 9, 16, 16], "texture": "#saw"}
      }
    }
  ]
}