{
  "parent": "block/block",
  "ambientocclusion": false,
  "textures": {"particle": "#all"},
  "elements": [
    {
      "from": [0, 0, 0],
      "to": [16, 16, 16],
      "faces": {
        "down": {
          "uv": [0, 0, 16, 16],
          "texture": "#all",
          "tintindex": 0,
          "cullface": "down"
        },
        "up": {
          "uv": [0, 0, 16, 16],
          "texture": "#all",
          "tintindex": 0,
          "cullface": "up"
        },
        "north": {
          "uv": [0, 0, 16, 16],
          "texture": "#all",
          "tintindex": 0,
          "cullface": "north"
        },
        "south": {
          "uv": [0, 0, 16, 16],
          "texture": "#all",
          "tintindex": 0,
          "cullface": "south"
        },
        "west": {
          "uv": [0, 0, 16, 16],
          "texture": "#all",
          "tintindex": 0,
          "cullface": "west"
        },
        "east": {
          "uv": [0, 0, 16, 16],
          "texture": "#all",
          "tintindex": 0,
          "cullface": "east"
        }
      }
    }
  ]
}