{
  "parent": "block/block",
  "texture_size": [64, 64],
  "textures": {"particle": "#chest"},
  "elements": [
    {
      "from": [0, 0, 0],
      "to": [16, 16, 16],
      "rotation": {"angle": 0, "axis": "y", "origin": [9, 8, 9]},
      "faces": {
        "north": {
          "uv": [8, 12, 12, 16],
          "texture": "#chest",
          "cullface": "north"
        },
        "east": {"uv": [4, 12, 8, 16], "texture": "#chest", "cullface": "east"},
        "south": {
          "uv": [4, 12, 8, 16],
          "texture": "#chest",
          "cullface": "south"
        },
        "west": {"uv": [4, 12, 8, 16], "texture": "#chest", "cullface": "west"},
        "up": {"uv": [0, 12, 4, 16], "texture": "#chest", "cullface": "up"},
        "down": {"uv": [0, 12, 4, 16], "texture": "#chest", "cullface": "down"}
      }
    }
  ]
}