{
  "parent": "block/block",
  "ambientocclusion": false,
  "textures": {"particle": "#all"},
  "elements": [
    {
      "from": [5, 0, 7],
      "to": [7, 6, 9],
      "shade": false,
      "light_emission": 15,
      "rotation": {"angle": 0, "axis": "y", "origin": [5, 6, 7]},
      "faces": {
        "north": {"uv": [7, 8, 9, 14], "texture": "#all"},
        "east": {"uv": [7, 8, 9, 14], "texture": "#all"},
        "south": {"uv": [7, 8, 9, 14], "texture": "#all"},
        "west": {"uv": [7, 8, 9, 14], "texture": "#all"},
        "up": {"uv": [7, 14, 9, 16], "texture": "#all"},
        "down": {"uv": [7, 14, 9, 16], "texture": "#all", "cullface": "down"}
      }
    },
    {
      "from": [8, 0, 6],
      "to": [10, 7, 8],
      "shade": false,
      "light_emission": 15,
      "rotation": {"angle": 0, "axis": "y", "origin": [8, 6, 6]},
      "faces": {
        "north": {"uv": [7, 8, 9, 15], "texture": "#all"},
        "east": {"uv": [7, 8, 9, 15], "texture": "#all"},
        "south": {"uv": [7, 8, 9, 15], "texture": "#all"},
        "west": {"uv": [7, 8, 9, 15], "texture": "#all"},
        "up": {"uv": [7, 14, 9, 16], "texture": "#all"},
        "down": {"uv": [7, 14, 9, 16], "texture": "#all", "cullface": "down"}
      }
    },
    {
      "from": [7, 0, 9],
      "to": [9, 5, 11],
      "shade": false,
      "light_emission": 15,
      "rotation": {"angle": 0, "axis": "y", "origin": [7, 6, 9]},
      "faces": {
        "north": {"uv": [7, 8, 9, 13], "texture": "#all"},
        "east": {"uv": [7, 8, 9, 13], "texture": "#all"},
        "south": {"uv": [7, 8, 9, 13], "texture": "#all"},
        "west": {"uv": [7, 8, 9, 13], "texture": "#all"},
        "up": {"uv": [7, 14, 9, 16], "texture": "#all"},
        "down": {"uv": [7, 14, 9, 16], "texture": "#all", "cullface": "down"}
      }
    }
  ]
}