{
  "parent": "block/block",
  "textures": {
    "particle": "block/sculk_shrieker_bottom",
    "bottom": "block/sculk_shrieker_bottom",
    "side": "block/sculk_shrieker_side",
    "top": "block/sculk_shrieker_top",
    "inner_top": "block/sculk_shrieker_inner_top"
  },
  "elements": [
    {
      "name": "bottom",
      "from": [0, 0, 0],
      "to": [16, 8, 16],
      "faces": {
        "north": {
          "uv": [0, 8, 16, 16],
          "texture": "#side",
          "cullface": "north"
        },
        "east": {"uv": [0, 8, 16, 16], "texture": "#side", "cullface": "east"},
        "south": {
          "uv": [0, 8, 16, 16],
          "texture": "#side",
          "cullface": "south"
        },
        "west": {"uv": [0, 8, 16, 16], "texture": "#side", "cullface": "west"},
        "down": {
          "uv": [0, 0, 16, 16],
          "texture": "#bottom",
          "cullface": "down"
        }
      }
    },
    {
      "name": "bottom_top",
      "from": [0, 8, 0],
      "to": [16, 8, 16],
      "shade": false,
      "faces": {"up": {"uv": [0, 0, 16, 16], "texture": "#inner_top"}}
    },
    {
      "name": "top_outer",
      "from": [0, 8, 0],
      "to": [16, 16, 16.02],
      "faces": {
        "north": {"uv": [0, 0, 16, 8], "texture": "#side"},
        "east": {"uv": [0, 0, 16, 8], "texture": "#side"},
        "south": {"uv": [0, 0, 16, 8], "texture": "#side"},
        "west": {"uv": [0, 0, 16, 8], "texture": "#side"},
        "up": {"uv": [0, 0, 16, 16], "texture": "#top"}
      }
    },
    {
      "name": "top_inner",
      "from": [15.99, 15.99, 15.99],
      "to": [0.01, 8, 0.01],
      "shade": false,
      "faces": {
        "north": {"uv": [0, 8, 16, 0], "texture": "#side"},
        "east": {"uv": [0, 8, 16, 0], "texture": "#side"},
        "south": {"uv": [0, 8, 16, 0], "texture": "#side"},
        "west": {"uv": [0, 8, 16, 0], "texture": "#side"},
        "down": {"uv": [16, 0, 0, 16], "texture": "#top"}
      }
    }
  ]
}