{
  "parent": "block/block",
  "ambientocclusion": false,
  "textures": {"particle": "#all"},
  "elements": [
    {
      "from": [7, 0, 7],
      "to": [9, 7, 9],
      "shade": false,
      "light_emission": 15,
      "rotation": {"angle": 0, "axis": "y", "origin": [7, 6, 7]},
      "faces": {
        "north": {"uv": [7, 8, 9, 15], "texture": "#all"},
        "east": {"uv": [7, 8, 9, 15], "texture": "#all"},
        "south": {"uv": [7, 8, 9, 15], "texture": "#all"},
        "west": {"uv": [7, 8, 9, 15], "texture": "#all"},
        "up": {"uv": [7, 14, 9, 16], "texture": "#all"},
        "down": {"uv": [7, 14, 9, 16], "texture": "#all", "cullface": "down"}
      }
    }
  ]
}