{
  "parent": "block/block",
  "ambientocclusion": true,
  "textures": {"particle": "#side"},
  "elements": [
    {
      "name": "cage",
      "from": [0, 0, 0],
      "to": [16, 16, 16],
      "faces": {
        "north": {
          "uv": [0, 0, 16, 16],
          "texture": "#front",
          "cullface": "north"
        },
        "east": {"uv": [0, 0, 16, 16], "texture": "#side", "cullface": "east"},
        "south": {
          "uv": [0, 0, 16, 16],
          "texture": "#side",
          "cullface": "south"
        },
        "west": {"uv": [0, 0, 16, 16], "texture": "#side", "cullface": "west"},
        "up": {"uv": [0, 0, 16, 16], "texture": "#top", "cullface": "up"},
        "down": {"uv": [0, 0, 16, 16], "texture": "#bottom"}
      }
    }
  ]
}