{
  "parent": "block/block",
  "ambientocclusion": false,
  "textures": {"particle": "#all"},
  "elements": [
    {
      "from": [5, 0, 5],
      "to": [7, 6, 7],
      "shade": false,
      "rotation": {"angle": 0, "axis": "y", "origin": [5, 6, 5]},
      "faces": {
        "north": {"uv": [7, 8, 9, 14], "texture": "#all"},
        "east": {"uv": [7, 8, 9, 14], "texture": "#all"},
        "south": {"uv": [7, 8, 9, 14], "texture": "#all"},
        "west": {"uv": [7, 8, 9, 14], "texture": "#all"},
        "up": {"uv": [7, 14, 9, 16], "texture": "#all"},
        "down": {"uv": [7, 14, 9, 16], "texture": "#all", "cullface": "down"}
      }
    },
    {
      "from": [8, 0, 5],
      "to": [10, 7, 7],
      "shade": false,
      "rotation": {"angle": 0, "axis": "y", "origin": [8, 6, 5]},
      "faces": {
        "north": {"uv": [7, 8, 9, 15], "texture": "#all"},
        "east": {"uv": [7, 8, 9, 15], "texture": "#all"},
        "south": {"uv": [7, 8, 9, 15], "texture": "#all"},
        "west": {"uv": [7, 8, 9, 15], "texture": "#all"},
        "up": {"uv": [7, 14, 9, 16], "texture": "#all"},
        "down": {"uv": [7, 14, 9, 16], "texture": "#all", "cullface": "down"}
      }
    },
    {
      "from": [9, 0, 8],
      "to": [11, 6, 10],
      "shade": false,
      "rotation": {"angle": 0, "axis": "y", "origin": [9, 6, 8]},
      "faces": {
        "north": {"uv": [7, 8, 9, 14], "texture": "#all"},
        "east": {"uv": [7, 8, 9, 14], "texture": "#all"},
        "south": {"uv": [7, 8, 9, 14], "texture": "#all"},
        "west": {"uv": [7, 8, 9, 14], "texture": "#all"},
        "up": {"uv": [7, 14, 9, 16], "texture": "#all"},
        "down": {"uv": [7, 14, 9, 16], "texture": "#all", "cullface": "down"}
      }
    },
    {
      "from": [6, 0, 8],
      "to": [8, 4, 10],
      "shade": false,
      "rotation": {"angle": 0, "axis": "y", "origin": [6, 6, 8]},
      "faces": {
        "north": {"uv": [7, 8, 9, 12], "texture": "#all"},
        "east": {"uv": [7, 8, 9, 12], "texture": "#all"},
        "south": {"uv": [7, 8, 9, 12], "texture": "#all"},
        "west": {"uv": [7, 8, 9, 12], "texture": "#all"},
        "up": {"uv": [7, 14, 9, 16], "texture": "#all"},
        "down": {"uv": [7, 14, 9, 16], "texture": "#all", "cullface": "down"}
      }
    }
  ]
}