{
	"parent": "niknok:minecraft/root",
	"display":
	{
		"icon":
		{
			"item": "minecraft:oak_log"
		},
		"title":
		{
			"translate": "Getting Wood"
		},
		"description":
		{
			"translate": "§7Punch a tree until a block of wood pops out."
		},
		"frame": "task",
		"show_toast": true,
		"announce_to_chat": true,
		"hidden": false
	},
	"criteria":
	{
		"gettingwood":
		{
			"trigger": "minecraft:inventory_changed",
			"conditions":
			{
				"items":
				[{
					"items":
					[
						"minecraft:oak_log",
						"minecraft:oak_wood",
						"minecraft:stripped_oak_log",
						"minecraft:stripped_oak_wood",

						"minecraft:spruce_log",
						"minecraft:spruce_wood",
						"minecraft:stripped_spruce_log",
						"minecraft:stripped_spruce_wood",

						"minecraft:birch_log",
						"minecraft:birch_wood",
						"minecraft:stripped_birch_log",
						"minecraft:stripped_birch_wood",

						"minecraft:jungle_log",
						"minecraft:jungle_wood",
						"minecraft:stripped_jungle_log",
						"minecraft:stripped_jungle_wood",

						"minecraft:acacia_log",
						"minecraft:acacia_wood",
						"minecraft:stripped_acacia_log",
						"minecraft:stripped_acacia_wood",

						"minecraft:dark_oak_log",
						"minecraft:dark_oak_wood",
						"minecraft:stripped_dark_oak_log",
						"minecraft:stripped_dark_oak_wood",

						"minecraft:mangrove_log",
						"minecraft:mangrove_wood",
						"minecraft:stripped_mangrove_log",
						"minecraft:stripped_mangrove_wood",

						"minecraft:crimson_stem",
						"minecraft:crimson_hyphae",
						"minecraft:stripped_crimson_stem",
						"minecraft:stripped_crimson_hyphae",

						"minecraft:warped_stem",
						"minecraft:warped_hyphae",
						"minecraft:stripped_warped_stem",
						"minecraft:stripped_warped_hyphae"
					]
				}]
			}
		}
	},
	"requirements":
	[
		["gettingwood"]
	]
}