{
	"parent": "niknok:minecraft/benchmarking",
	"display":
	{
		"icon":
		{
			"item": "minecraft:wooden_pickaxe"
		},
		"title":
		{
			"translate": "Time to Mine!"
		},
		"description":
		{
			"translate": "§7Use planks and sticks to make a pickaxe."
		},
		"frame": "task",
		"show_toast": true,
		"announce_to_chat": true,
		"hidden": false
	},
	"criteria":
	{
		"pick":
		{
			"trigger": "minecraft:inventory_changed",
			"conditions":
			{
				"items":
				[{
					"items":
					[
						"minecraft:wooden_pickaxe",
						"minecraft:stone_pickaxe",
						"minecraft:iron_pickaxe",
						"minecraft:golden_pickaxe",
						"minecraft:diamond_pickaxe",
						"minecraft:netherite_pickaxe"
					]
				}]
			}
		}
	},
	"requirements":
	[
		["pick"]
	]
}