{
    "parent": "achievements:benchmarking",
"display": {
    "title": {
        "text": "Time to Mine!"
    },
    "description": {
        "text": "Use planks and sticks to make a pickaxe",
        "color": "gray"
    },
    "icon": {
        "id": "minecraft:wooden_pickaxe"
    }
},
"criteria": {
    "pickaxe": {
        "trigger": "minecraft:inventory_changed",
        "conditions": {
            "items": [{
                "items": "#achievements:pickaxes"
                }]
        }
    }
},
"requirements": [
    [
      "pickaxe"
    ]
  ]
}