{
  "type": "minecraft:fishing",
  "pools": [
    {
      "rolls": {
        "min": 1,
        "max": 100
      },
      "entries": [
        {
          "type": "minecraft:item",
          "name": "minecraft:cod",
          "weight": 80
        },
        {
          "type": "minecraft:item",
          "name": "minecraft:iron_ingot",
          "weight": 8
        },
        {
          "type": "minecraft:item",
          "name": "minecraft:gold_ingot",
          "weight": 8
        },
        {
          "type": "minecraft:item",
          "name": "minecraft:wet_sponge",
          "weight": 2
        },
        {
          "type": "minecraft:item",
          "name": "minecraft:slime_ball",
          "weight": 7
        },
        {
          "type": "minecraft:item",
          "name": "minecraft:melon_seeds",
          "weight": 5
        }
      ]
    }
  ]
}
