{
  "processors": [
    {
      "processor_type": "minecraft:rule",
      "rules": [
        {
          "location_predicate": {
            "predicate_type": "minecraft:always_true"
          },
          "input_predicate": {
            "predicate_type": "minecraft:block_match",
            "block": "minecraft:cobblestone"
          },
          "output_state": {
            "Name": "minecraft:acacia_log"
          }
        },
        {
          "location_predicate": {
            "predicate_type": "minecraft:always_true"
          },
          "input_predicate": {
            "predicate_type": "minecraft:block_match",
            "block": "minecraft:oak_fence"
          },
          "output_state": {
            "Name": "minecraft:acacia_fence",
            "Properties": {
              "east": "false",
              "north": "false",
              "south": "false",
              "waterlogged": "false",
              "west": "false"
            }
          }
        }
      ]
    },
    {
      "processor_type": "minecraft:block_ignore",
      "blocks": [
        {
          "Name": "minecraft:barrier"
        }
      ]
    }
  ]
}
