{
  "processors": [
    {
      "processor_type": "minecraft:rule",
      "rules": [
        {
          "location_predicate": {
            "predicate_type": "minecraft:always_true"
          },
          "input_predicate": {
            "predicate_type": "minecraft:block_match",
            "block": "minecraft:oak_planks"
          },
          "output_state": {
            "Name": "minecraft:cut_sandstone"
          }
        },
        {
          "location_predicate": {
            "predicate_type": "minecraft:always_true"
          },
          "input_predicate": {
            "predicate_type": "minecraft:block_match",
            "block": "minecraft:oak_log"
          },
          "output_state": {
            "Name": "minecraft:sandstone"
          }
        },
        {
          "location_predicate": {
            "predicate_type": "minecraft:always_true"
          },
          "input_predicate": {
            "predicate_type": "minecraft:blockstate_match",
            "block_state": {
              "Name": "minecraft:oak_stairs",
              "Properties": {
                "facing": "north",
                "half": "bottom",
                "shape": "straight",
                "waterlogged": "false"
              }
            }
          },
          "output_state": {
            "Name": "minecraft:sandstone_stairs",
            "Properties": {
              "facing": "north",
              "half": "bottom",
              "shape": "straight",
              "waterlogged": "false"
            }
          }
        },
        {
          "location_predicate": {
            "predicate_type": "minecraft:always_true"
          },
          "input_predicate": {
            "predicate_type": "minecraft:blockstate_match",
            "block_state": {
              "Name": "minecraft:oak_stairs",
              "Properties": {
                "facing": "south",
                "half": "bottom",
                "shape": "straight",
                "waterlogged": "false"
              }
            }
          },
          "output_state": {
            "Name": "minecraft:sandstone_stairs",
            "Properties": {
              "facing": "south",
              "half": "bottom",
              "shape": "straight",
              "waterlogged": "false"
            }
          }
        },
        {
          "location_predicate": {
            "predicate_type": "minecraft:always_true"
          },
          "input_predicate": {
            "predicate_type": "minecraft:blockstate_match",
            "block_state": {
              "Name": "minecraft:oak_stairs",
              "Properties": {
                "facing": "west",
                "half": "bottom",
                "shape": "straight",
                "waterlogged": "false"
              }
            }
          },
          "output_state": {
            "Name": "minecraft:sandstone_stairs",
            "Properties": {
              "facing": "west",
              "half": "bottom",
              "shape": "straight",
              "waterlogged": "false"
            }
          }
        },
        {
          "location_predicate": {
            "predicate_type": "minecraft:always_true"
          },
          "input_predicate": {
            "predicate_type": "minecraft:blockstate_match",
            "block_state": {
              "Name": "minecraft:oak_stairs",
              "Properties": {
                "facing": "east",
                "half": "bottom",
                "shape": "straight",
                "waterlogged": "false"
              }
            }
          },
          "output_state": {
            "Name": "minecraft:sandstone_stairs",
            "Properties": {
              "facing": "east",
              "half": "bottom",
              "shape": "straight",
              "waterlogged": "false"
            }
          }
        },
        {
          "location_predicate": {
            "predicate_type": "minecraft:always_true"
          },
          "input_predicate": {
            "predicate_type": "minecraft:blockstate_match",
            "block_state": {
              "Name": "minecraft:cobblestone_stairs",
              "Properties": {
                "facing": "north",
                "half": "bottom",
                "shape": "straight",
                "waterlogged": "false"
              }
            }
          },
          "output_state": {
            "Name": "minecraft:sandstone_stairs",
            "Properties": {
              "facing": "north",
              "half": "bottom",
              "shape": "straight",
              "waterlogged": "false"
            }
          }
        },
        {
          "location_predicate": {
            "predicate_type": "minecraft:always_true"
          },
          "input_predicate": {
            "predicate_type": "minecraft:blockstate_match",
            "block_state": {
              "Name": "minecraft:cobblestone_stairs",
              "Properties": {
                "facing": "south",
                "half": "bottom",
                "shape": "straight",
                "waterlogged": "false"
              }
            }
          },
          "output_state": {
            "Name": "minecraft:sandstone_stairs",
            "Properties": {
              "facing": "south",
              "half": "bottom",
              "shape": "straight",
              "waterlogged": "false"
            }
          }
        },
        {
          "location_predicate": {
            "predicate_type": "minecraft:always_true"
          },
          "input_predicate": {
            "predicate_type": "minecraft:blockstate_match",
            "block_state": {
              "Name": "minecraft:cobblestone_stairs",
              "Properties": {
                "facing": "west",
                "half": "bottom",
                "shape": "straight",
                "waterlogged": "false"
              }
            }
          },
          "output_state": {
            "Name": "minecraft:sandstone_stairs",
            "Properties": {
              "facing": "west",
              "half": "bottom",
              "shape": "straight",
              "waterlogged": "false"
            }
          }
        },
        {
          "location_predicate": {
            "predicate_type": "minecraft:always_true"
          },
          "input_predicate": {
            "predicate_type": "minecraft:blockstate_match",
            "block_state": {
              "Name": "minecraft:cobblestone_stairs",
              "Properties": {
                "facing": "east",
                "half": "bottom",
                "shape": "straight",
                "waterlogged": "false"
              }
            }
          },
          "output_state": {
            "Name": "minecraft:sandstone_stairs",
            "Properties": {
              "facing": "east",
              "half": "bottom",
              "shape": "straight",
              "waterlogged": "false"
            }
          }
        }
      ]
    },
    {
      "processor_type": "minecraft:block_ignore",
      "blocks": [
        {
          "Name": "minecraft:barrier",
          "Properties": {
            "waterlogged": "false"
          }
        }
      ]
    }
  ]
}
