{
  "processors": [
    {
      "processor_type": "minecraft:rule",
      "rules": [
        {
          "location_predicate": {
            "predicate_type": "minecraft:always_true"
          },
          "input_predicate": {
            "predicate_type": "minecraft:block_match",
            "block": "minecraft:oak_planks"
          },
          "output_state": {
            "Name": "minecraft:acacia_planks"
          }
        },
        {
          "location_predicate": {
            "predicate_type": "minecraft:always_true"
          },
          "input_predicate": {
            "predicate_type": "minecraft:block_match",
            "block": "minecraft:oak_log"
          },
          "output_state": {
            "Name": "minecraft:acacia_log",
            "Properties": {
              "axis": "y"
            }
          }
        },
        {
          "location_predicate": {
            "predicate_type": "minecraft:always_true"
          },
          "input_predicate": {
            "predicate_type": "minecraft:block_match",
            "block": "minecraft:cobblestone"
          },
          "output_state": {
            "Name": "minecraft:acacia_log",
            "Properties": {
              "axis": "y"
            }
          }
        },
        {
          "location_predicate": {
            "predicate_type": "minecraft:always_true"
          },
          "input_predicate": {
            "predicate_type": "minecraft:blockstate_match",
            "block_state": {
              "Name": "minecraft:oak_stairs",
              "Properties": {
                "facing": "north",
                "half": "bottom",
                "shape": "straight",
                "waterlogged": "false"
              }
            }
          },
          "output_state": {
            "Name": "minecraft:acacia_stairs",
            "Properties": {
              "facing": "north",
              "half": "bottom",
              "shape": "straight",
              "waterlogged": "false"
            }
          }
        },
        {
          "location_predicate": {
            "predicate_type": "minecraft:always_true"
          },
          "input_predicate": {
            "predicate_type": "minecraft:blockstate_match",
            "block_state": {
              "Name": "minecraft:oak_stairs",
              "Properties": {
                "facing": "south",
                "half": "bottom",
                "shape": "straight",
                "waterlogged": "false"
              }
            }
          },
          "output_state": {
            "Name": "minecraft:acacia_stairs",
            "Properties": {
              "facing": "south",
              "half": "bottom",
              "shape": "straight",
              "waterlogged": "false"
            }
          }
        },
        {
          "location_predicate": {
            "predicate_type": "minecraft:always_true"
          },
          "input_predicate": {
            "predicate_type": "minecraft:blockstate_match",
            "block_state": {
              "Name": "minecraft:oak_stairs",
              "Properties": {
                "facing": "west",
                "half": "bottom",
                "shape": "straight",
                "waterlogged": "false"
              }
            }
          },
          "output_state": {
            "Name": "minecraft:acacia_stairs",
            "Properties": {
              "facing": "west",
              "half": "bottom",
              "shape": "straight",
              "waterlogged": "false"
            }
          }
        },
        {
          "location_predicate": {
            "predicate_type": "minecraft:always_true"
          },
          "input_predicate": {
            "predicate_type": "minecraft:blockstate_match",
            "block_state": {
              "Name": "minecraft:oak_stairs",
              "Properties": {
                "facing": "east",
                "half": "bottom",
                "shape": "straight",
                "waterlogged": "false"
              }
            }
          },
          "output_state": {
            "Name": "minecraft:acacia_stairs",
            "Properties": {
              "facing": "east",
              "half": "bottom",
              "shape": "straight",
              "waterlogged": "false"
            }
          }
        },
        {
          "location_predicate": {
            "predicate_type": "minecraft:always_true"
          },
          "input_predicate": {
            "predicate_type": "minecraft:blockstate_match",
            "block_state": {
              "Name": "minecraft:oak_door",
              "Properties": {
                "facing": "east",
                "half": "lower",
                "hinge": "left",
                "open": "false",
                "powered": "false"
              }
            }
          },
          "output_state": {
            "Name": "minecraft:acacia_door",
            "Properties": {
              "facing": "east",
              "half": "lower",
              "hinge": "left",
              "open": "false",
              "powered": "false"
            }
          }
        },
        {
          "location_predicate": {
            "predicate_type": "minecraft:always_true"
          },
          "input_predicate": {
            "predicate_type": "minecraft:blockstate_match",
            "block_state": {
              "Name": "minecraft:oak_door",
              "Properties": {
                "facing": "east",
                "half": "upper",
                "hinge": "left",
                "open": "false",
                "powered": "false"
              }
            }
          },
          "output_state": {
            "Name": "minecraft:acacia_door",
            "Properties": {
              "facing": "east",
              "half": "upper",
              "hinge": "left",
              "open": "false",
              "powered": "false"
            }
          }
        },
        {
          "location_predicate": {
            "predicate_type": "minecraft:always_true"
          },
          "input_predicate": {
            "predicate_type": "minecraft:blockstate_match",
            "block_state": {
              "Name": "minecraft:oak_door",
              "Properties": {
                "facing": "west",
                "half": "lower",
                "hinge": "left",
                "open": "false",
                "powered": "false"
              }
            }
          },
          "output_state": {
            "Name": "minecraft:acacia_door",
            "Properties": {
              "facing": "west",
              "half": "lower",
              "hinge": "left",
              "open": "false",
              "powered": "false"
            }
          }
        },
        {
          "location_predicate": {
            "predicate_type": "minecraft:always_true"
          },
          "input_predicate": {
            "predicate_type": "minecraft:blockstate_match",
            "block_state": {
              "Name": "minecraft:oak_door",
              "Properties": {
                "facing": "west",
                "half": "upper",
                "hinge": "left",
                "open": "false",
                "powered": "false"
              }
            }
          },
          "output_state": {
            "Name": "minecraft:acacia_door",
            "Properties": {
              "facing": "west",
              "half": "upper",
              "hinge": "left",
              "open": "false",
              "powered": "false"
            }
          }
        },
        {
          "location_predicate": {
            "predicate_type": "minecraft:always_true"
          },
          "input_predicate": {
            "predicate_type": "minecraft:blockstate_match",
            "block_state": {
              "Name": "minecraft:oak_fence",
              "Properties": {
                "east": "false",
                "north": "false",
                "south": "false",
                "waterlogged": "false",
                "west": "false"
              }
            }
          },
          "output_state": {
            "Name": "minecraft:acacia_fence",
            "Properties": {
              "north": "false",
              "east": "false",
              "south": "false",
              "waterlogged": "false",
              "west": "false"
            }
          }
        },
        {
          "location_predicate": {
            "predicate_type": "minecraft:always_true"
          },
          "input_predicate": {
            "predicate_type": "minecraft:blockstate_match",
            "block_state": {
              "Name": "minecraft:oak_fence",
              "Properties": {
                "east": "true",
                "north": "true",
                "south": "false",
                "waterlogged": "false",
                "west": "false"
              }
            }
          },
          "output_state": {
            "Name": "minecraft:acacia_fence",
            "Properties": {
              "east": "true",
              "north": "true",
              "south": "false",
              "waterlogged": "false",
              "west": "false"
            }
          }
        },
        {
          "location_predicate": {
            "predicate_type": "minecraft:always_true"
          },
          "input_predicate": {
            "predicate_type": "minecraft:blockstate_match",
            "block_state": {
              "Name": "minecraft:oak_fence",
              "Properties": {
                "east": "true",
                "south": "true",
                "north": "false",
                "waterlogged": "false",
                "west": "false"
              }
            }
          },
          "output_state": {
            "Name": "minecraft:acacia_fence",
            "Properties": {
              "east": "true",
              "north": "false",
              "south": "true",
              "waterlogged": "false",
              "west": "false"
            }
          }
        },
        {
          "location_predicate": {
            "predicate_type": "minecraft:always_true"
          },
          "input_predicate": {
            "predicate_type": "minecraft:blockstate_match",
            "block_state": {
              "Name": "minecraft:oak_fence",
              "Properties": {
                "south": "true",
                "north": "false",
                "east": "false",
                "waterlogged": "false",
                "west": "true"
              }
            }
          },
          "output_state": {
            "Name": "minecraft:acacia_fence",
            "Properties": {
              "east": "false",
              "north": "false",
              "south": "true",
              "waterlogged": "false",
              "west": "true"
            }
          }
        },
        {
          "location_predicate": {
            "predicate_type": "minecraft:always_true"
          },
          "input_predicate": {
            "predicate_type": "minecraft:blockstate_match",
            "block_state": {
              "Name": "minecraft:oak_fence",
              "Properties": {
                "west": "true",
                "north": "true",
                "east": "false",
                "south": "false",
                "waterlogged": "false"
              }
            }
          },
          "output_state": {
            "Name": "minecraft:acacia_fence",
            "Properties": {
              "east": "false",
              "north": "true",
              "south": "false",
              "waterlogged": "false",
              "west": "true"
            }
          }
        },
        {
          "location_predicate": {
            "predicate_type": "minecraft:always_true"
          },
          "input_predicate": {
            "predicate_type": "minecraft:blockstate_match",
            "block_state": {
              "Name": "minecraft:oak_fence",
              "Properties": {
                "north": "true",
                "south": "true",
                "east": "false",
                "waterlogged": "false",
                "west": "false"
              }
            }
          },
          "output_state": {
            "Name": "minecraft:acacia_fence",
            "Properties": {
              "east": "false",
              "north": "true",
              "south": "true",
              "waterlogged": "false",
              "west": "false"
            }
          }
        },
        {
          "location_predicate": {
            "predicate_type": "minecraft:always_true"
          },
          "input_predicate": {
            "predicate_type": "minecraft:blockstate_match",
            "block_state": {
              "Name": "minecraft:oak_fence",
              "Properties": {
                "west": "true",
                "east": "true",
                "north": "false",
                "south": "false",
                "waterlogged": "false"
              }
            }
          },
          "output_state": {
            "Name": "minecraft:acacia_fence",
            "Properties": {
              "east": "true",
              "west": "true",
              "north": "false",
              "south": "false",
              "waterlogged": "false"
            }
          }
        }
      ]
    },
    {
      "processor_type": "minecraft:block_ignore",
      "blocks": [
        {
          "Name": "minecraft:barrier",
          "Properties": {
            "waterlogged": "false"
          }
        }
      ]
    }
  ]
}
