{
  "music.menu": {
    "replace": true,
    "sounds": [
      {
        "name": "music/menu/mutation",
        "stream": true,
        "volume": 0.9,
        "weight": 2
      },
      {
        "name": "music/menu/moog_city_2",
        "stream": true,
        "volume": 0.85,
        "weight": 2
      },
      {
        "name": "music/menu/beginning_2",
        "stream": true,
        "volume": 0.85,
        "weight": 2
      },
      {
        "name": "music/menu/floating_trees",
        "stream": true,
        "volume": 0.9,
        "weight": 2
      },
      {
        "name": "music/menu/menu5",
        "stream": true,
        "volume": 0.6,
        "weight": 2
      },
      {
        "name": "music/menu/menu6",
        "stream": true,
        "volume": 0.7,
        "weight": 2
      },
      {
        "name": "music/game/echo_in_the_wind",
        "stream": true,
        "volume": 0.6
      }
    ]
  },
  "music.creative": {
    "replace": true,
    "sounds": [
      {
        "name": "music/game/creative/aria_math",
        "stream": true,
        "weight": 2
      },
      {
        "name": "music/game/creative/biome_fest",
        "stream": true,
        "weight": 2
      },
      {
        "name": "music/game/creative/blind_spots",
        "stream": true,
        "weight": 2
      },
      {
        "name": "music/game/creative/dreiton",
        "stream": true,
        "weight": 2
      },
      {
        "name": "music/game/creative/haunt_muskie",
        "stream": true,
        "weight": 2
      },
      {
        "name": "music/game/creative/taswell",
        "stream": true,
        "weight": 2
      },
      {
        "name": "music/game/water/dragon_fish",
        "stream": true,
        "volume": 0.5
      }
    ]
  },
  "music.nether": {
    "replace": true,
    "sounds": [
      {
        "name": "music/game/nether/concrete_halls",
        "stream": true
      },
      {
        "name": "music/game/nether/dead_voxel",
        "stream": true
      },
      {
        "name": "music/game/nether/warmth",
        "stream": true
      },
      {
        "name": "music/game/nether/ballad_of_the_cats",
        "stream": true
      },
      {
        "name": "music/game/nether/soulsand_valley/so_below",
        "stream": true,
        "volume": 0.6
      },
      {
        "name": "music/game/nether/nether5",
        "stream": true,
        "volume": 0.75
      },
      {
        "name": "music/game/nether/nether6",
        "stream": true,
        "volume": 0.75
      },
      {
        "name": "music/game/water/shuniji",
        "stream": true,
        "volume": 0.5
      }
    ]
  },
  "music.nether.nether_wastes": {
    "replace": true,
    "sounds": [
      {
        "name": "music.nether",
        "type": "event"
      },
      {
        "name": "music/game/nether/nether_wastes/rubedo",
        "stream": true,
        "volume": 0.4,
        "weight": 2
      }
    ]
  },
  "music.nether.crimson_forest": {
    "replace": true,
    "sounds": [
      {
        "name": "music.nether",
        "type": "event"
      },
      {
        "name": "music/game/nether/crimson_forest/chrysopoeia",
        "stream": true,
        "volume": 0.65,
        "weight": 2
      }
    ]
  },
  "music.nether.warped_forest": {
    "replace": true,
    "sounds": []
  },
  "music.nether.soul_sand_valley": {
    "replace": true,
    "sounds": [
      {
        "name": "music.nether",
        "type": "event"
      },
      {
        "name": "music/game/nether/soulsand_valley/so_below",
        "stream": true,
        "volume": 0.8
      },
      {
        "name": "music/game/water/shuniji",
        "stream": true,
        "volume": 0.5
      }
    ]
  },
  "music.nether.basalt_deltas": {
    "replace": true,
    "sounds": [
      {
        "name": "music.nether",
        "type": "event"
      },
      {
        "name": "music/game/nether/soulsand_valley/so_below",
        "stream": true,
        "volume": 0.7
      },
      {
        "name": "music/game/nether/nether_wastes/rubedo",
        "stream": true,
        "volume": 0.4
      }
    ]
  },
  "music.overworld.deep_dark": {
    "replace": true,
    "sounds": [
      {
        "name": "music/game/ancestry",
        "stream": true,
        "weight": 2
      },
      {
        "name": "music/game/nether/soulsand_valley/so_below",
        "stream": true,
        "volume": 0.6
      },
      {
        "name": "music/game/end/boss",
        "stream": true,
        "volume": 0.4
      }
    ]
  },
  "music.game": {
    "replace": true,
    "sounds": [
      {
        "name": "music/game/minecraft",
        "stream": true
      },
      {
        "name": "music/game/clark",
        "stream": true
      },
      {
        "name": "music/game/sweden",
        "stream": true
      },
      {
        "name": "music/game/subwoofer_lullaby",
        "stream": true
      },
      {
        "name": "music/game/living_mice",
        "stream": true
      },
      {
        "name": "music/game/haggstrom",
        "stream": true
      },
      {
        "name": "music/game/danny",
        "stream": true
      },
      {
        "name": "music/game/key",
        "stream": true
      },
      {
        "name": "music/game/oxygene",
        "stream": true
      },
      {
        "name": "music/game/nuance3",
        "stream": true,
        "volume": 0.5
      },
      {
        "name": "music/game/nuance4",
        "stream": true,
        "volume": 0.6
      },
      {
        "name": "music/game/dry_hands",
        "stream": true
      },
      {
        "name": "music/game/wet_hands",
        "stream": true
      },
      {
        "name": "music/game/mice_on_venus",
        "stream": true
      },
      {
        "name": "music/game/hal5",
        "stream": true,
        "volume": 0.55
      },
      {
        "name": "music/game/piano4",
        "stream": true,
        "volume": 0.45
      },
      {
        "name": "music/game/floating_dream",
        "stream": true,
        "volume": 0.4
      },
      {
        "name": "music/game/comforting_memories",
        "stream": true,
        "volume": 0.4
      },
      {
        "name": "music/game/echo_in_the_wind",
        "stream": true,
        "volume": 0.4
      },
      {
        "name": "music/game/watcher",
        "stream": true
      }
    ]
  },
  "music.overworld.forest": {
    "replace": true,
    "sounds": [
      {
        "name": "music.game",
        "type": "event"
      },
      {
        "name": "music/game/one_more_day",
        "stream": true,
        "volume": 0.4
      },
      {
        "name": "music/game/floating_dream",
        "stream": true,
        "volume": 0.4
      },
      {
        "name": "music/game/comforting_memories",
        "stream": true,
        "volume": 0.4
      },
      {
        "name": "music/game/echo_in_the_wind",
        "stream": true,
        "volume": 0.4
      }
    ]
  },
  "music.overworld.meadow": {
    "replace": true,
    "sounds": [
      {
        "name": "music/game/danny",
        "stream": true
      },
      {
        "name": "music/game/haggstrom",
        "stream": true
      },
      {
        "name": "music/game/living_mice",
        "stream": true
      },
      {
        "name": "music/game/subwoofer_lullaby",
        "stream": true
      },
      {
        "name": "music/game/hal5",
        "stream": true,
        "volume": 0.55
      },
      {
        "name": "music/game/nuance3",
        "stream": true,
        "volume": 0.5
      },
      {
        "name": "music/game/droopy",
        "stream": true,
        "volume": 0.5
      },
      {
        "name": "music/game/floating_dream",
        "stream": true,
        "volume": 0.4
      },
      {
        "name": "music/game/comforting_memories",
        "stream": true,
        "volume": 0.4
      },
      {
        "name": "music/game/echo_in_the_wind",
        "stream": true,
        "volume": 0.4
      }
    ]
  },
  "music.overworld.flower_forest": {
    "replace": true,
    "sounds": [
      {
        "name": "music/game/danny",
        "stream": true
      },
      {
        "name": "music/game/haggstrom",
        "stream": true
      },
      {
        "name": "music/game/key",
        "stream": true
      },
      {
        "name": "music/game/living_mice",
        "stream": true
      },
      {
        "name": "music/game/oxygene",
        "stream": true
      },
      {
        "name": "music/game/subwoofer_lullaby",
        "stream": true
      },
      {
        "name": "music/game/hal5",
        "stream": true,
        "volume": 0.55
      },
      {
        "name": "music/game/nuance3",
        "stream": true,
        "volume": 0.5
      },
      {
        "name": "music/game/droopy",
        "stream": true,
        "volume": 0.5
      },
      {
        "name": "music/game/peanuts",
        "stream": true,
        "volume": 0.2
      },
      {
        "name": "music/game/floating_dream",
        "stream": true,
        "volume": 0.4
      },
      {
        "name": "music/game/comforting_memories",
        "stream": true,
        "volume": 0.4
      },
      {
        "name": "music/game/echo_in_the_wind",
        "stream": true,
        "volume": 0.4
      },
      {
        "name": "music/game/bromeliad",
        "stream": true,
        "volume": 0.4
      },
      {
        "name": "music/game/aerie",
        "stream": true,
        "volume": 0.3
      }
    ]
  },
  "music.overworld.cherry_grove": {
    "replace": true,
    "sounds": [
      {
        "name": "music/game/clark",
        "stream": true
      },
      {
        "name": "music/game/minecraft",
        "stream": true
      },
      {
        "name": "music/game/sweden",
        "stream": true
      },
      {
        "name": "music/game/nuance3",
        "stream": true,
        "volume": 0.5
      },
      {
        "name": "music/game/piano4",
        "stream": true,
        "volume": 0.45
      },
      {
        "name": "music/game/droopy",
        "stream": true,
        "volume": 0.5
      },
      {
        "name": "music/game/peanuts",
        "stream": true,
        "volume": 0.2
      },
      {
        "name": "music/game/stand_tall",
        "stream": true,
        "volume": 0.4
      },
      {
        "name": "music/game/echo_in_the_wind",
        "stream": true,
        "volume": 0.4
      },
      {
        "name": "music/game/bromeliad",
        "stream": true,
        "volume": 0.4
      },
      {
        "name": "music/game/a_familiar_room",
        "stream": true,
        "volume": 0.4
      },
      {
        "name": "music/game/aerie",
        "stream": true,
        "volume": 0.3
      }
    ]
  },
  "music.overworld.grove": {
    "replace": true,
    "sounds": [
      {
        "name": "music/game/clark",
        "stream": true
      },
      {
        "name": "music/game/key",
        "stream": true
      },
      {
        "name": "music/game/mice_on_venus",
        "stream": true
      },
      {
        "name": "music/game/minecraft",
        "stream": true
      },
      {
        "name": "music/game/oxygene",
        "stream": true
      },
      {
        "name": "music/game/sweden",
        "stream": true
      },
      {
        "name": "music/game/piano4",
        "stream": true,
        "volume": 0.45
      },
      {
        "name": "music/game/floating_dream",
        "stream": true,
        "volume": 0.4
      },
      {
        "name": "music/game/comforting_memories",
        "stream": true,
        "volume": 0.4
      },
      {
        "name": "music/game/echo_in_the_wind",
        "stream": true,
        "volume": 0.4
      },
      {
        "name": "music/game/a_familiar_room",
        "stream": true,
        "volume": 0.4
      }
    ]
  },
  "music.overworld.old_growth_taiga": {
    "replace": true,
    "sounds": [
      {
        "name": "music.game",
        "type": "event"
      },
      {
        "name": "music/game/comforting_memories",
        "stream": true,
        "volume": 0.4
      },
      {
        "name": "music/game/echo_in_the_wind",
        "stream": true,
        "volume": 0.4
      }
    ]
  },
  "music.overworld.jungle": {
    "replace": true,
    "sounds": [
      {
        "name": "music/game/danny",
        "stream": true
      },
      {
        "name": "music/game/dry_hands",
        "stream": true
      },
      {
        "name": "music/game/haggstrom",
        "stream": true
      },
      {
        "name": "music/game/key",
        "stream": true
      },
      {
        "name": "music/game/living_mice",
        "stream": true
      },
      {
        "name": "music/game/mice_on_venus",
        "stream": true
      },
      {
        "name": "music/game/oxygene",
        "stream": true
      },
      {
        "name": "music/game/subwoofer_lullaby",
        "stream": true
      },
      {
        "name": "music/game/wet_hands",
        "stream": true
      },
      {
        "name": "music/game/hal5",
        "stream": true,
        "volume": 0.55
      },
      {
        "name": "music/game/nuance3",
        "stream": true,
        "volume": 0.5
      },
      {
        "name": "music/game/bromeliad",
        "stream": true,
        "volume": 0.4
      },
      {
        "name": "music/game/labyrinthine",
        "stream": true,
        "volume": 0.3
      }
    ]
  },
  "music.overworld.sparse_jungle": {
    "replace": true,
    "sounds": [
      {
        "name": "music.overworld.jungle",
        "type": "event"
      },
      {
        "name": "music/game/piano4",
        "stream": true,
        "volume": 0.45
      },
      {
        "name": "music/game/echo_in_the_wind",
        "stream": true,
        "volume": 0.4
      },
      {
        "name": "music/game/labyrinthine",
        "stream": true,
        "volume": 0.3
      }
    ]
  },
  "music.overworld.bamboo_jungle": {
    "replace": true,
    "sounds": [
      {
        "name": "music.overworld.jungle",
        "type": "event"
      },
      {
        "name": "music/game/crescent_dunes",
        "stream": true,
        "volume": 0.4
      },
      {
        "name": "music/game/labyrinthine",
        "stream": true,
        "volume": 0.3
      }
    ]
  },
  "music.overworld.swamp": {
    "replace": true,
    "sounds": [
      {
        "name": "music.overworld.jungle",
        "type": "event"
      },
      {
        "name": "music/game/crescent_dunes",
        "stream": true,
        "volume": 0.4
      },
      {
        "name": "music/game/bromeliad",
        "stream": true,
        "volume": 0.4
      },
      {
        "name": "music/game/labyrinthine",
        "stream": true,
        "volume": 0.3
      }
    ]
  },
  "music.overworld.desert": {
    "replace": true,
    "sounds": [
      {
        "name": "music/game/danny",
        "stream": true
      },
      {
        "name": "music/game/haggstrom",
        "stream": true
      },
      {
        "name": "music/game/key",
        "stream": true
      },
      {
        "name": "music/game/living_mice",
        "stream": true
      },
      {
        "name": "music/game/oxygene",
        "stream": true
      },
      {
        "name": "music/game/subwoofer_lullaby",
        "stream": true
      },
      {
        "name": "music/game/nuance4",
        "stream": true,
        "volume": 0.6
      },
      {
        "name": "music/game/piano4",
        "stream": true,
        "volume": 0.45
      },
      {
        "name": "music/game/echo_in_the_wind",
        "stream": true,
        "volume": 0.4
      },
      {
        "name": "music/game/crescent_dunes",
        "stream": true,
        "volume": 0.4
      },
      {
        "name": "music/game/bromeliad",
        "stream": true,
        "volume": 0.4
      },
      {
        "name": "music/game/labyrinthine",
        "stream": true,
        "volume": 0.3
      }
    ]
  },
  "music.overworld.badlands": {
    "replace": true,
    "sounds": [
      {
        "name": "music.overworld.jungle",
        "type": "event"
      },
      {
        "name": "music/game/swarms",
        "stream": true,
        "volume": 0.25
      },
      {
        "name": "music/game/echo_in_the_wind",
        "stream": true,
        "volume": 0.4
      },
      {
        "name": "music/game/crescent_dunes",
        "stream": true,
        "volume": 0.4
      },
      {
        "name": "music/game/bromeliad",
        "stream": true,
        "volume": 0.4
      },
      {
        "name": "music/game/labyrinthine",
        "stream": true,
        "volume": 0.3
      }
    ]
  },
  "music.overworld.stony_peaks": {
    "replace": true,
    "sounds": [
      {
        "name": "music/game/danny",
        "stream": true
      },
      {
        "name": "music/game/dry_hands",
        "stream": true
      },
      {
        "name": "music/game/haggstrom",
        "stream": true
      },
      {
        "name": "music/game/living_mice",
        "stream": true
      },
      {
        "name": "music/game/mice_on_venus",
        "stream": true
      },
      {
        "name": "music/game/subwoofer_lullaby",
        "stream": true
      },
      {
        "name": "music/game/wet_hands",
        "stream": true
      },
      {
        "name": "music/game/nuance4",
        "stream": true,
        "volume": 0.6
      },
      {
        "name": "music/game/piano4",
        "stream": true,
        "volume": 0.45
      },
      {
        "name": "music/game/swarms",
        "stream": true,
        "volume": 0.25
      },
      {
        "name": "music/game/floating_dream",
        "stream": true,
        "volume": 0.4
      },
      {
        "name": "music/game/comforting_memories",
        "stream": true,
        "volume": 0.4
      },
      {
        "name": "music/game/echo_in_the_wind",
        "stream": true,
        "volume": 0.4
      }
    ]
  },
  "music.overworld.jagged_peaks": {
    "replace": true,
    "sounds": [
      {
        "name": "music/game/dry_hands",
        "stream": true
      },
      {
        "name": "music/game/key",
        "stream": true
      },
      {
        "name": "music/game/living_mice",
        "stream": true
      },
      {
        "name": "music/game/mice_on_venus",
        "stream": true
      },
      {
        "name": "music/game/oxygene",
        "stream": true
      },
      {
        "name": "music/game/subwoofer_lullaby",
        "stream": true
      },
      {
        "name": "music/game/wet_hands",
        "stream": true
      },
      {
        "name": "music/game/piano4",
        "stream": true,
        "volume": 0.45
      },
      {
        "name": "music/game/swarms",
        "stream": true,
        "volume": 0.25
      },
      {
        "name": "music/game/floating_dream",
        "stream": true,
        "volume": 0.4
      },
      {
        "name": "music/game/comforting_memories",
        "stream": true,
        "volume": 0.4
      },
      {
        "name": "music/game/echo_in_the_wind",
        "stream": true,
        "volume": 0.4
      }
    ]
  },
  "music.overworld.frozen_peaks": {
    "replace": true,
    "sounds": [
      {
        "name": "music/game/danny",
        "stream": true
      },
      {
        "name": "music/game/dry_hands",
        "stream": true
      },
      {
        "name": "music/game/haggstrom",
        "stream": true
      },
      {
        "name": "music/game/living_mice",
        "stream": true
      },
      {
        "name": "music/game/mice_on_venus",
        "stream": true
      },
      {
        "name": "music/game/subwoofer_lullaby",
        "stream": true
      },
      {
        "name": "music/game/wet_hands",
        "stream": true
      },
      {
        "name": "music/game/piano4",
        "stream": true,
        "volume": 0.45
      },
      {
        "name": "music/game/swarms",
        "stream": true,
        "volume": 0.25
      },
      {
        "name": "music/game/floating_dream",
        "stream": true,
        "volume": 0.4
      },
      {
        "name": "music/game/comforting_memories",
        "stream": true,
        "volume": 0.4
      },
      {
        "name": "music/game/echo_in_the_wind",
        "stream": true,
        "volume": 0.4
      },
      {
        "name": "music/game/a_familiar_room",
        "stream": true,
        "volume": 0.4
      }
    ]
  },
  "music.overworld.snowy_slopes": {
    "replace": true,
    "sounds": [
      {
        "name": "music/game/haggstrom",
        "stream": true
      },
      {
        "name": "music/game/living_mice",
        "stream": true
      },
      {
        "name": "music/game/subwoofer_lullaby",
        "stream": true
      },
      {
        "name": "music/game/nuance3",
        "stream": true,
        "volume": 0.5
      },
      {
        "name": "music/game/nuance4",
        "stream": true,
        "volume": 0.6
      },
      {
        "name": "music/game/piano4",
        "stream": true,
        "volume": 0.45
      },
      {
        "name": "music/game/floating_dream",
        "stream": true,
        "volume": 0.4
      },
      {
        "name": "music/game/echo_in_the_wind",
        "stream": true,
        "volume": 0.4
      },
      {
        "name": "music/game/a_familiar_room",
        "stream": true,
        "volume": 0.4
      }
    ]
  },
  "music.overworld.dripstone_caves": {
    "replace": true,
    "sounds": [
      {
        "name": "music/game/danny",
        "stream": true
      },
      {
        "name": "music/game/key",
        "stream": true
      },
      {
        "name": "music/game/oxygene",
        "stream": true
      },
      {
        "name": "music/game/subwoofer_lullaby",
        "stream": true
      },
      {
        "name": "music/game/nuance4",
        "stream": true,
        "volume": 0.6
      },
      {
        "name": "music/game/piano4",
        "stream": true,
        "volume": 0.45
      },
      {
        "name": "music/game/mau5cave",
        "stream": true,
        "volume": 0.4,
        "weight": 2
      },
      {
        "name": "music/game/floating_dream",
        "stream": true,
        "volume": 0.4
      },
      {
        "name": "music/game/echo_in_the_wind",
        "stream": true,
        "volume": 0.4
      }
    ]
  },
  "music.overworld.lush_caves": {
    "replace": true,
    "sounds": [
      {
        "name": "music/game/clark",
        "stream": true
      },
      {
        "name": "music/game/mice_on_venus",
        "stream": true
      },
      {
        "name": "music/game/minecraft",
        "stream": true
      },
      {
        "name": "music/game/sweden",
        "stream": true
      },
      {
        "name": "music/game/nuance4",
        "stream": true,
        "volume": 0.6
      },
      {
        "name": "music/game/droopy",
        "stream": true,
        "volume": 0.5
      },
      {
        "name": "music/game/peanuts",
        "stream": true,
        "volume": 0.2
      },
      {
        "name": "music/game/mau5cave",
        "stream": true,
        "volume": 0.4
      },
      {
        "name": "music/game/floating_dream",
        "stream": true,
        "volume": 0.4
      },
      {
        "name": "music/game/comforting_memories",
        "stream": true,
        "volume": 0.4
      },
      {
        "name": "music/game/echo_in_the_wind",
        "stream": true,
        "volume": 0.4
      }
    ]
  }
}